{"Entities":[{"TotalRevenue":484309279.089134,"RevolvingFund":375720613.8,"NonRevolvingFund":108588665.289144}]}